rank,player,team,position,assists,xg_assist,xa_per90,minutes_played,pas_rating
1,Lionel Messi,Argentina,FW,3,2.5,0.33,690,99
2,Antoine Griezmann,France,MF,3,3.1,0.52,537,95
3,Bruno Fernandes,Portugal,MF,3,1.7,0.43,356,88
4,Ivan Perišić,Croatia,FW,3,0.9,0.12,669,86
5,Ousmane Dembélé,France,FW,2,1.6,0.33,433,84
6,Kylian Mbappé,France,FW,2,1.3,0.2,598,84
7,Harry Kane,England,FW,3,1.5,0.34,402,82
8,Theo Hernández,France,DF,2,1.2,0.21,508,80
9,Jordi Alba,Spain,DF,2,0.9,0.31,264,78
10,Vinicius Júnior,Brazil,FW,2,0.7,0.21,299,75
11,Alexis Mac Allister,Argentina,MF,1,1.0,0.16,550,75
12,Enzo Fernández,Argentina,MF,1,0.9,0.14,564,75
13,Lucas Paquetá,Brazil,MF,1,1.5,0.43,314,73
14,Raphinha,Brazil,FW,1,1.3,0.37,315,73
15,Serge Gnabry,Germany,FW,1,1.5,0.51,263,72
16,Mislav Oršić,Croatia,FW,2,1.1,0.61,162,72
17,Leroy Sané,Germany,MF,1,1.8,1.46,111,70
18,Marcus Thuram,France,FW,2,0.2,0.12,151,68
19,Kaoru Mitoma,Japan,MF,1,1.2,0.65,165,67
20,César Azpilicueta,Spain,DF,1,0.7,0.47,135,66
21,Mateo Kovačić,Croatia,MF,0,1.0,0.14,635,62
22,Aurélien Tchouaméni,France,MF,0,1.0,0.14,621,62
23,Adrien Rabiot,France,MF,1,0.9,0.17,483,62
24,Thiago Silva,Brazil,DF,1,0.9,0.21,390,62
25,Pedri,Spain,MF,0,0.8,0.2,356,62
26,Richarlison,Brazil,FW,0,1.0,0.28,323,62
27,Yahya Attiat Allah,Morocco,DF,1,1.2,0.34,318,62
28,Marquinhos,Brazil,DF,0,0.8,0.17,426,62
29,Joshua Kimmich,Germany,MF,0,1.1,0.37,270,62
30,Luka Modrić,Croatia,MF,0,0.7,0.1,653,62
31,Youssouf Sabaly,Senegal,DF,0,0.7,0.18,360,62
32,Lisandro Martínez,Argentina,DF,0,0.7,0.21,303,62
33,Kevin De Bruyne,Belgium,FW,0,0.9,0.3,270,62
34,Jamal Musiala,Germany,MF,1,0.9,0.31,258,62
35,Hirving Lozano,Mexico,FW,0,1.0,0.36,252,62
36,Neymar,Brazil,MF,0,0.8,0.26,279,62
37,Dani Olmo,Spain,FW,1,0.5,0.12,367,62
38,Hakim Ziyech,Morocco,FW,1,0.7,0.1,635,62
39,Ángel Di María,Argentina,MF,1,0.6,0.19,288,62
40,Xherdan Shaqiri,Switzerland,FW,1,0.9,0.35,229,61
41,Silvan Widmer,Switzerland,DF,1,0.8,0.27,265,61
42,Nahuel Molina,Argentina,DF,1,0.3,0.05,567,61
43,Rodrigo De Paul,Argentina,MF,0,0.3,0.05,599,61
44,Son Heung-min,Korea Republic,FW,1,1.0,0.25,360,61
45,Ismaila Sarr,Senegal,FW,0,0.4,0.1,344,61
46,Thorgan Hazard,Belgium,FW,0,1.3,1.1,106,61
47,Borna Sosa,Croatia,DF,0,0.4,0.08,424,61
48,Luke Shaw,England,DF,1,0.8,0.17,424,61
49,Marcos Acuña,Argentina,DF,0,0.3,0.07,373,61
50,Christian Pulisic,United States,FW,2,0.9,0.26,315,61
51,Maya Yoshida,Japan,DF,1,0.4,0.09,390,61
52,Nicolás Otamendi,Argentina,DF,1,0.2,0.03,690,61
53,Ruben Vargas,Switzerland,FW,1,0.6,0.19,285,61
54,Wataru Endo,Japan,MF,0,0.5,0.15,304,61
55,David Raum,Germany,DF,1,0.6,0.22,242,61
56,Riley McGree,Australia,FW,1,0.6,0.2,265,61
57,Achraf Hakimi,Morocco,DF,1,0.5,0.07,631,61
58,Josip Juranović,Croatia,DF,1,0.3,0.04,600,61
59,Azzedine Ounahi,Morocco,MF,0,0.5,0.08,568,61
60,Andrija Živković,Serbia,DF,2,1.1,0.47,210,61
61,Rodri,Spain,DF,0,0.2,0.05,390,61
62,Abdelhamid Sabiri,Morocco,MF,1,0.9,0.45,181,61
63,Nicolás Tagliafico,Argentina,DF,0,0.2,0.05,373,61
64,Craig Goodwin,Australia,MF,1,0.6,0.23,234,61
65,Thomas Müller,Germany,FW,0,0.6,0.27,201,61
66,Ismail Jakobs,Senegal,DF,1,0.3,0.1,278,61
67,Julián Álvarez,Argentina,FW,0,0.1,0.02,464,61
68,Diogo Dalot,Portugal,DF,2,0.7,0.24,258,61
69,Marcelo Brozović,Croatia,MF,0,0.2,0.03,552,61
70,Andrej Kramarić,Croatia,FW,0,0.2,0.04,474,61
71,Cody Gakpo,Netherlands,FW,0,0.6,0.12,450,61
72,Thomas Meunier,Belgium,DF,0,0.5,0.21,211,61
73,Ibrahima Konaté,France,DF,0,0.4,0.12,294,61
74,César Montes,Mexico,DF,1,0.5,0.17,270,61
75,Luis Chávez,Mexico,MF,0,0.5,0.17,270,61
76,Raphaël Guerreiro,Portugal,DF,2,0.6,0.19,279,61
77,Sergio Busquets,Spain,MF,0,0.1,0.02,363,61
78,Bukayo Saka,England,FW,0,0.7,0.22,288,61
79,Youssef Msakni,Tunisia,MF,0,0.6,0.32,169,61
80,Mathew Leckie,Australia,MF,1,0.3,0.08,333,61
81,Abdou Diallo,Senegal,DF,0,0.1,0.03,331,61
82,Cristian Romero,Argentina,DF,0,0.0,0.0,547,61
83,Emiliano Martínez,Argentina,GK,0,0.0,0.0,690,61
84,Alphonso Davies,Canada,MF,0,0.5,0.17,270,61
85,Toby Alderweireld,Belgium,DF,1,0.3,0.1,270,61
86,Aïssa Laïdouni,Tunisia,MF,1,0.4,0.15,243,61
87,Hassan Al-Haydos,Qatar,MF,0,0.6,0.26,206,61
88,Tajon Buchanan,Canada,MF,1,0.5,0.17,260,61
89,Félix Torres Caicedo,Ecuador,DF,1,0.4,0.13,270,61
90,Sofiane Boufal,Morocco,FW,0,0.3,0.06,475,61
91,Junya Ito,Japan,MF,1,0.2,0.06,324,61
92,Ángelo Preciado,Ecuador,DF,1,0.4,0.14,264,61
93,Unai Simón,Spain,GK,0,0.0,0.0,390,61
94,Gavi,Spain,MF,0,0.1,0.03,284,61
95,Ferrán Torres,Spain,FW,0,0.2,0.08,217,61
96,Bruno Petković,Croatia,FW,0,0.3,0.12,234,61
97,Rodrygo,Brazil,MF,1,0.4,0.2,181,61
98,Daley Blind,Netherlands,DF,1,0.5,0.11,423,61
99,Idrissa Gana Gueye,Senegal,MF,0,0.1,0.03,270,61
100,Mehdi Taremi,IR Iran,FW,1,0.7,0.23,270,61
101,Kalidou Koulibaly,Senegal,DF,0,0.0,0.0,360,61
102,Edouard Mendy,Senegal,GK,0,0.0,0.0,360,61
103,Kim Moonhwan,Korea Republic,DF,0,0.6,0.15,360,61
104,Ricardo Rodríguez,Switzerland,DF,0,0.2,0.05,359,61
105,Aleksandar Mitrović,Serbia,FW,0,0.7,0.24,262,61
106,Bernardo Silva,Portugal,MF,0,0.4,0.1,356,61
107,Jordan Ayew,Ghana,FW,1,0.5,0.33,136,61
108,Dušan Tadić,Serbia,MF,2,0.7,0.25,257,61
109,Casemiro,Brazil,MF,0,0.1,0.02,390,61
110,Leander Dendoncker,Belgium,DF,0,0.4,0.22,161,61
111,Mario Pašalić,Croatia,FW,0,0.2,0.07,271,61
112,Iñaki Williams,Ghana,FW,0,0.2,0.07,270,61
113,Mohammed Salisu,Ghana,DF,0,0.2,0.07,270,61
114,João Félix,Portugal,FW,2,0.4,0.11,331,61
115,Álvaro Morata,Spain,FW,1,0.2,0.1,185,61
116,Krépin Diatta,Senegal,FW,0,0.2,0.1,181,61
117,Phil Foden,England,FW,2,0.6,0.21,258,61
118,Boulaye Dia,Senegal,FW,0,0.0,0.0,318,61
119,Kim Jin-su,Korea Republic,DF,1,0.6,0.17,315,61
120,Dayot Upamecano,France,DF,0,0.1,0.02,480,61
121,Jules Koundé,France,DF,0,0.1,0.02,480,61
122,Marco Asensio,Spain,FW,0,0.1,0.04,229,61
123,Pervis Estupiñán,Ecuador,DF,0,0.3,0.1,270,61
124,Aymeric Laporte,Spain,DF,0,0.0,0.0,300,61
125,Baba Rahman,Ghana,DF,0,0.3,0.15,183,61
126,Olivier Giroud,France,FW,0,0.1,0.02,419,61
127,Enner Valencia,Ecuador,FW,0,0.3,0.11,255,61
128,Dominik Livaković,Croatia,GK,0,0.0,0.0,690,61
129,Dejan Lovren,Croatia,DF,1,0.0,0.0,600,61
130,Joško Gvardiol,Croatia,DF,0,0.0,0.0,690,61
131,Sergiño Dest,United States,DF,1,0.5,0.15,305,61
132,Pape Gueye,Senegal,MF,0,0.2,0.12,153,61
133,Nampalys Mendy,Senegal,MF,0,0.0,0.0,272,61
134,Ritsu Doan,Japan,FW,0,0.2,0.08,217,61
135,Gonzalo Montiel,Argentina,DF,0,0.3,0.23,118,61
136,Memphis,Netherlands,FW,0,0.5,0.15,297,61
137,Djibril Sow,Switzerland,MF,1,0.2,0.07,264,61
138,Richie Laryea,Canada,DF,0,0.5,0.28,160,61
139,Hidemasa Morita,Japan,MF,0,0.1,0.03,285,61
140,Aaron Mooy,Australia,MF,0,0.1,0.02,360,61
141,Granit Xhaka,Switzerland,MF,0,0.1,0.02,360,61
142,Manuel Akanji,Switzerland,DF,0,0.1,0.02,360,61
143,Lautaro Martínez,Argentina,FW,0,0.0,0.0,241,61
144,Ko Itakura,Japan,DF,1,0.1,0.03,270,61
145,Thomas Partey,Ghana,MF,0,0.1,0.03,270,61
146,Akram Afif,Qatar,FW,0,0.3,0.1,270,61
147,Iliman Ndiaye,Senegal,FW,1,0.2,0.13,135,61
148,Edinson Cavani,Uruguay,FW,0,0.7,0.51,124,61
149,Shūichi Gonda,Japan,GK,0,0.0,0.0,390,61
150,Takehiro Tomiyasu,Japan,DF,0,0.2,0.1,187,61
151,Alisson,Brazil,GK,0,0.0,0.0,379,61
152,Youssouf Fofana,France,MF,0,0.2,0.08,227,61
153,Leandro Paredes,Argentina,MF,0,0.0,0.0,225,61
154,Breel Embolo,Switzerland,FW,0,0.1,0.03,323,61
155,Daniel Amartey,Ghana,DF,0,0.1,0.04,251,61
156,Cyle Larin,Canada,FW,0,0.5,0.33,137,61
157,Niclas Füllkrug,Germany,FW,1,0.6,0.78,69,61
158,Tyler Adams,United States,MF,0,0.4,0.1,360,61
159,Marko Livaja,Croatia,FW,1,0.1,0.04,241,61
160,Federico Valverde,Uruguay,MF,0,0.4,0.13,270,61
161,Gonzalo Plata,Ecuador,MF,0,0.2,0.07,269,61
162,Éder Militão,Brazil,DF,0,0.0,0.0,347,61
163,Takuma Asano,Japan,FW,0,0.2,0.11,165,61
164,Hugo Lloris,France,GK,0,0.0,0.0,570,61
165,Raphaël Varane,France,DF,0,0.0,0.0,518,61
166,Mathías Olivera,Uruguay,DF,0,0.4,0.14,253,61
167,Junior Hoilett,Canada,FW,0,0.4,0.22,161,61
168,Edimilson Fernandes,Switzerland,FW,0,0.3,0.19,145,61
169,Otávio,Portugal,MF,0,0.4,0.18,196,61
170,Daichi Kamada,Japan,FW,0,0.0,0.0,322,61
171,Timothy Weah,United States,FW,0,0.4,0.11,316,61
172,Ellyes Skhiri,Tunisia,MF,0,0.1,0.03,270,61
173,Yuto Nagatomo,Japan,MF,0,0.1,0.04,209,61
174,Issam Jebali,Tunisia,FW,0,0.2,0.1,182,61
175,Fred,Brazil,MF,0,0.2,0.13,142,61
176,Danilo,Brazil,DF,0,0.0,0.0,281,61
177,Alex Sandro,Brazil,DF,0,0.1,0.05,190,61
178,İlkay Gündoğan,Germany,MF,0,0.1,0.05,189,61
179,Sofyan Amrabat,Morocco,MF,0,0.1,0.01,660,61
180,Denzel Dumfries,Netherlands,DF,2,0.3,0.06,479,61
181,Weston McKennie,United States,MF,0,0.4,0.13,271,61
182,Carlos Soler,Spain,MF,0,0.2,0.2,92,61
183,Lawrence Ati-Zigi,Ghana,GK,0,0.0,0.0,270,61
184,Jan Vertonghen,Belgium,DF,0,0.0,0.0,270,61
185,Timothy Castagne,Belgium,DF,0,0.0,0.0,270,61
186,Thibaut Courtois,Belgium,GK,0,0.0,0.0,270,61
187,Antonio Rüdiger,Germany,DF,0,0.0,0.0,270,61
188,Axel Witsel,Belgium,MF,0,0.0,0.0,270,61
189,Manuel Neuer,Germany,GK,0,0.0,0.0,270,61
190,Alistair Johnston,Canada,DF,0,0.2,0.07,270,61
191,Niklas Süle,Germany,DF,0,0.0,0.0,269,61
192,Harry Souttar,Australia,DF,0,0.0,0.0,360,61
193,Kye Rowles,Australia,DF,0,0.0,0.0,360,61
194,Mathew Ryan,Australia,GK,0,0.0,0.0,360,61
195,Robert Lewandowski,Poland,FW,1,0.4,0.1,360,61
196,Aziz Behich,Australia,DF,0,0.0,0.0,360,61
197,Jackson Irvine,Australia,MF,0,0.0,0.0,354,61
198,Jude Bellingham,England,MF,1,0.3,0.07,414,61
199,Antony,Brazil,FW,0,0.1,0.05,172,61
200,Selim Amallah,Morocco,MF,0,0.1,0.02,409,61
201,Ao Tanaka,Japan,MF,0,0.1,0.05,171,61
202,Gonçalo Ramos,Portugal,FW,1,0.4,0.24,152,61
203,Salis Abdul Samed,Ghana,MF,0,0.0,0.0,250,61
204,Kudus Mohammed,Ghana,FW,0,0.0,0.0,247,61
205,Pathé Ciss,Senegal,MF,0,0.0,0.0,146,61
206,Nico Williams,Spain,FW,0,0.0,0.0,146,61
207,Piotr Zieliński,Poland,MF,0,0.4,0.11,328,61
208,Remo Freuler,Switzerland,MF,0,0.0,0.0,323,61
209,Gideon Mensah,Ghana,DF,1,0.3,0.31,87,61
210,Vincent Aboubakar,Cameroon,FW,1,0.6,0.38,142,61
211,Martinelli,Brazil,FW,0,0.2,0.16,113,61
212,Edson Álvarez,Mexico,MF,0,0.2,0.1,175,61
213,Bamba Dieng,Senegal,FW,0,0.1,0.09,100,61
214,Dani Carvajal,Spain,DF,0,0.0,0.0,135,61
215,Michy Batshuayi,Belgium,FW,0,0.1,0.06,151,61
216,Antonee Robinson,United States,DF,0,0.3,0.08,359,61
217,Shogo Taniguchi,Japan,DF,0,0.0,0.0,210,61
218,Nikola Vlašić,Croatia,FW,0,0.0,0.0,209,61
219,Alejandro Balde,Spain,DF,0,0.0,0.0,126,61
220,Kai Havertz,Germany,FW,0,0.2,0.18,102,61
221,Callum Wilson,England,FW,1,0.9,1.69,48,61
222,Giorgian De Arrascaeta,Uruguay,MF,0,0.5,0.42,108,60
223,Yassine Meriah,Tunisia,DF,0,0.0,0.0,270,60
224,Yann Sommer,Switzerland,GK,0,0.0,0.0,270,60
225,Christian Eriksen,Denmark,MF,0,0.4,0.13,270,60
226,Mitchell Duke,Australia,FW,0,0.0,0.0,270,60
227,Aimen Dahmen,Tunisia,GK,0,0.0,0.0,270,60
228,Montassar Talbi,Tunisia,DF,0,0.0,0.0,270,60
229,Marcos Llorente,Spain,DF,0,0.0,0.0,120,60
230,André Ayew,Ghana,MF,0,0.0,0.0,198,60
231,Kingsley Coman,France,FW,0,0.1,0.05,169,60
232,Lovro Majer,Croatia,MF,0,0.1,0.07,130,60
233,Henry Martín,Mexico,FW,0,0.2,0.12,146,60
234,Gabriel Jesus,Brazil,FW,0,0.2,0.19,93,60
235,Harry Wilson,Wales,MF,0,0.5,0.28,160,60
236,Daizen Maeda,Japan,FW,0,0.0,0.0,180,60
237,Borna Barišić,Croatia,DF,0,0.1,0.08,120,60
238,Papu Gómez,Argentina,MF,0,0.0,0.0,107,60
239,Hiroki Sakai,Japan,MF,0,0.1,0.08,119,60
240,Pape Abou Cissé,Senegal,DF,0,0.0,0.0,105,60
241,Anis Ben Slimane,Tunisia,MF,0,0.1,0.06,148,60
242,Jordan Henderson,England,MF,0,0.3,0.1,271,60
243,Alexis Vega,Mexico,FW,0,0.1,0.05,193,60
244,Eduardo Camavinga,France,DF,0,0.1,0.06,140,60
245,Leon Goretzka,Germany,MF,0,0.0,0.0,159,60
246,Jhegson Méndez,Ecuador,MF,0,0.1,0.05,180,60
247,Alidu Seidu,Ghana,DF,0,0.0,0.0,155,60
248,Famara Diedhiou,Senegal,FW,0,0.0,0.0,92,60
249,Leandro Trossard,Belgium,FW,0,0.1,0.09,103,60
250,Pau Torres,Spain,DF,0,0.0,0.0,90,60
251,Youssef En-Nesyri,Morocco,FW,0,0.0,0.0,542,60
252,Yassine Bounou,Morocco,GK,0,0.0,0.0,570,60
253,Connor Roberts,Wales,DF,0,0.4,0.18,200,60
254,Frenkie de Jong,Netherlands,MF,1,0.2,0.04,475,60
255,Romain Saïss,Morocco,DF,0,0.0,0.0,466,60
256,Youri Tielemans,Belgium,MF,0,0.1,0.09,95,60
257,Nico Schlotterbeck,Germany,DF,0,0.1,0.1,94,60
258,Ali Abdi,Tunisia,DF,0,0.0,0.0,188,60
259,Héctor Herrera,Mexico,MF,0,0.1,0.06,160,60
260,Jesús Gallardo,Mexico,DF,0,0.0,0.0,270,60
261,Piero Hincapié,Ecuador,DF,0,0.0,0.0,270,60
262,Hernán Galíndez,Ecuador,GK,0,0.0,0.0,270,60
263,Héctor Moreno,Mexico,DF,0,0.0,0.0,270,60
264,Guillermo Ochoa,Mexico,GK,0,0.0,0.0,270,60
265,Moisés Caicedo,Ecuador,MF,0,0.0,0.0,269,60
266,Abdessamad Ezzalzouli,Morocco,FW,0,0.3,0.29,93,60
267,Miloš Degenek,Australia,DF,0,0.0,0.0,183,60
268,Randal Kolo Muani,France,FW,0,0.0,0.0,182,60
269,Nico Elvedi,Switzerland,DF,0,0.0,0.0,180,60
270,Naïm Sliti,Tunisia,MF,0,0.1,0.08,114,60
271,Wajdi Kechrida,Tunisia,DF,0,0.1,0.08,111,60
272,Stephen Eustáquio,Canada,MF,0,0.2,0.14,125,60
273,Eden Hazard,Belgium,MF,0,0.0,0.0,124,60
274,Darwin Núñez,Uruguay,FW,0,0.2,0.08,240,60
275,Cristiano Ronaldo,Portugal,FW,0,0.1,0.03,290,60
276,Noussair Mazraoui,Morocco,DF,0,0.0,0.0,365,60
277,Dylan Bronn,Tunisia,DF,0,0.0,0.0,162,60
278,Cheikhou Kouyaté,Senegal,MF,0,0.0,0.0,72,60
279,Dani Alves,Brazil,DF,0,0.0,0.0,118,60
280,Davy Klaassen,Netherlands,MF,2,0.3,0.14,190,60
281,Yannick Carrasco,Belgium,FW,0,0.0,0.0,116,60
282,Nayef Aguerd,Morocco,DF,0,0.0,0.0,353,60
283,Michael Estrada,Ecuador,FW,0,0.0,0.0,225,60
284,Exequiel Palacios,Argentina,MF,0,0.1,0.18,50,60
285,Fabian Rieder,Switzerland,FW,0,0.2,0.26,68,60
286,Dries Mertens,Belgium,MF,0,0.1,0.12,76,60
287,Óscar Duarte,Costa Rica,DF,0,0.3,0.1,270,60
288,Gleison Bremer,Brazil,DF,0,0.0,0.0,109,60
289,Fran Karačić,Australia,DF,0,0.1,0.1,93,60
290,Amadou Onana,Belgium,MF,0,0.0,0.0,104,60
291,Mehdi Torabi,IR Iran,MF,0,0.6,0.87,62,60
292,Tariq Lamptey,Ghana,DF,0,0.0,0.0,102,60
293,Jawad El Yamiq,Morocco,DF,0,0.0,0.0,309,60
294,Germán Pezzella,Argentina,DF,0,0.0,0.0,60,60
295,Fabian Schär,Switzerland,DF,0,0.0,0.0,135,60
296,Pape Matar Sarr,Senegal,MF,0,0.0,0.0,59,60
297,Alexander Djiku,Ghana,DF,0,0.0,0.0,97,60
298,Mohamed Dräger,Tunisia,DF,0,0.0,0.0,132,60
299,Bryan Mbeumo,Cameroon,FW,0,0.3,0.12,233,60
300,Guido Rodríguez,Argentina,MF,0,0.0,0.0,56,60
301,Facundo Pellistri,Uruguay,MF,0,0.2,0.1,181,60
302,Fabinho,Brazil,MF,0,0.0,0.0,90,60
303,Takefusa Kubo,Japan,FW,0,0.0,0.0,90,60
304,Ederson,Brazil,GK,0,0.0,0.0,90,60
305,Josip Stanišić,Croatia,DF,0,0.0,0.0,90,60
306,Josip Šutalo,Croatia,DF,0,0.0,0.0,90,60
307,Miki Yamane,Japan,DF,0,0.1,0.15,61,60
308,Jorge Eduardo Sánchez,Mexico,DF,0,0.0,0.0,175,60
309,Abdelkarim Hassan,Qatar,DF,0,0.0,0.0,270,60
310,Kamal Miller,Canada,DF,0,0.0,0.0,270,60
311,Milan Borjan,Canada,GK,0,0.0,0.0,270,60
312,Salem Al-Dawsari,Saudi Arabia,MF,0,0.2,0.07,270,60
313,Steven Vitória,Canada,DF,0,0.0,0.0,270,60
314,Boualem Khoukhi,Qatar,DF,0,0.0,0.0,270,60
315,Osman Bukari,Ghana,MF,0,0.1,0.15,59,60
316,Koke,Spain,MF,0,0.0,0.0,52,60
317,Ró-Ró,Qatar,DF,0,0.0,0.0,262,60
318,Homam Ahmed,Qatar,DF,0,0.0,0.0,262,60
319,Keanu Baccus,Australia,MF,0,0.0,0.0,114,60
320,Diogo Costa,Portugal,GK,0,0.0,0.0,450,60
321,Yuki Soma,Japan,FW,0,0.0,0.0,81,60
322,Ansu Fati,Spain,FW,0,0.0,0.0,46,60
323,Ramin Rezaeian,IR Iran,DF,0,0.3,0.15,180,60
324,Jean-Charles Castelletto,Cameroon,DF,1,0.3,0.15,180,60
325,Jeremy Sarmiento,Ecuador,MF,0,0.1,0.11,85,60
326,Almoez Ali,Qatar,FW,0,0.0,0.0,224,60
327,Teun Koopmeiners,Netherlands,MF,1,0.2,0.08,219,60
328,Thilo Kehrer,Germany,DF,0,0.0,0.0,69,60
329,Bruno Guimarães,Brazil,MF,0,0.0,0.0,69,60
330,Karl Toko Ekambi,Cameroon,FW,0,0.3,0.16,166,60
331,Axel Disasi,France,DF,0,0.0,0.0,92,60
332,Ismaël Koné,Canada,MF,0,0.1,0.08,109,60
333,Steve Mandanda,France,GK,0,0.0,0.0,90,60
334,Gregor Kobel,Switzerland,GK,0,0.0,0.0,90,60
335,Ali Maâloul,Tunisia,DF,0,0.0,0.0,90,60
336,Rúben Dias,Portugal,DF,0,0.0,0.0,360,60
337,Matty Cash,Poland,DF,0,0.2,0.05,360,60
338,Pepe,Portugal,DF,0,0.0,0.0,360,60
339,Nader Ghandri,Tunisia,DF,0,0.0,0.0,90,60
340,Lukas Klostermann,Germany,DF,0,0.0,0.0,66,60
341,Orbelín Pineda,Mexico,MF,0,0.1,0.12,76,60
342,Benjamin Pavard,France,DF,0,0.0,0.0,88,60
343,Rafael Leão,Portugal,FW,0,0.2,0.2,88,60
344,Kim Young-gwon,Korea Republic,DF,0,0.2,0.05,350,60
345,Abdulaziz Hatem,Qatar,MF,0,0.0,0.0,196,60
346,Pedro,Brazil,FW,0,0.0,0.0,64,60
347,Jonathan David,Canada,FW,0,0.0,0.0,192,60
348,Mikkel Damsgaard,Denmark,MF,0,0.3,0.18,150,60
349,Mathias Jensen,Denmark,MF,0,0.4,0.43,84,60
350,Nathaniel Atkinson,Australia,DF,0,0.0,0.0,84,60
351,Achraf Dari,Morocco,DF,0,0.0,0.0,187,60
352,Wahbi Khazri,Tunisia,FW,0,0.0,0.0,83,60
353,Grzegorz Krychowiak,Poland,MF,0,0.2,0.05,332,60
354,Lee Kangin,Korea Republic,MF,1,0.3,0.18,147,60
355,Karim Boudiaf,Qatar,MF,0,0.0,0.0,185,60
356,Takumi Minamino,Japan,FW,0,0.0,0.0,60,60
357,Alex Telles,Brazil,DF,0,0.0,0.0,59,60
358,Meshaal Barsham,Qatar,GK,0,0.0,0.0,180,60
359,Sam Adekugbe,Canada,DF,0,0.1,0.09,95,60
360,Kamaldeen Sulemana,Ghana,FW,0,0.0,0.0,58,60
361,Virgil van Dijk,Netherlands,DF,0,0.1,0.02,480,60
362,Mattéo Guendouzi,France,FW,0,0.0,0.0,78,60
363,João Cancelo,Portugal,DF,0,0.0,0.0,310,60
364,Ismail Mohamad,Qatar,FW,1,0.0,0.0,174,60
365,John Stones,England,DF,0,0.1,0.02,434,60
366,Ante Budimir,Croatia,FW,0,0.0,0.0,55,60
367,Romelu Lukaku,Belgium,FW,0,0.0,0.0,55,60
368,Mohamed Ali Ben Romdhane,Tunisia,MF,0,0.0,0.0,73,60
369,Rodrigo Bentancur,Uruguay,MF,0,0.1,0.04,213,60
370,Everton Ribeiro,Brazil,MF,0,0.1,0.25,36,60
371,Mario Götze,Germany,MF,0,0.1,0.25,36,60
372,Paulo Dybala,Argentina,FW,0,0.2,1.0,18,60
373,Haris Seferović,Switzerland,FW,0,0.0,0.0,71,60
374,Atiba Hutchinson,Canada,MF,0,0.0,0.0,159,60
375,Assim Madibo,Qatar,MF,0,0.0,0.0,153,60
376,Joachim Andersen,Denmark,DF,1,0.2,0.07,270,60
377,Morteza Pouraliganji,IR Iran,DF,0,0.2,0.07,270,60
378,Chris Mepham,Wales,DF,0,0.2,0.07,270,60
379,Rúben Neves,Portugal,MF,0,0.0,0.0,268,60
380,Ricardo Horta,Portugal,FW,0,0.1,0.08,119,60
381,Jackson Porozo,Ecuador,DF,0,0.0,0.0,96,60
382,Keysher Fuller,Costa Rica,DF,0,0.2,0.07,253,60
383,Néstor Araujo,Mexico,DF,0,0.0,0.0,90,60
384,Guillermo Varela,Uruguay,DF,0,0.1,0.05,183,60
385,Ajdin Hrustic,Australia,MF,0,0.0,0.0,62,60
386,Jordan Veretout,France,MF,0,0.0,0.0,62,60
387,Hiroki Ito,Japan,DF,0,0.0,0.0,45,60
388,Ayase Ueda,Japan,FW,0,0.0,0.0,45,60
389,Jonas Hofmann,Germany,FW,0,0.1,0.3,30,60
390,Przemysław Frankowski,Poland,MF,0,0.2,0.08,240,60
391,Yunus Musah,United States,MF,0,0.1,0.03,343,60
392,Ehsan Hajsafi,IR Iran,MF,0,0.2,0.08,237,60
393,Denis Zakaria,Switzerland,MF,0,0.0,0.0,59,60
394,Jakub Kamiński,Poland,MF,0,0.2,0.08,233,60
395,Gareth Bale,Wales,FW,0,0.2,0.08,225,60
396,Kieffer Moore,Wales,FW,0,0.2,0.08,225,60
397,Jamie Maclaren,Australia,FW,0,0.0,0.0,55,60
398,Saeid Ezatolahi,IR Iran,MF,0,0.2,0.08,217,60
399,William Carvalho,Portugal,MF,0,0.0,0.0,215,60
400,Uriel Antuna,Mexico,FW,0,0.0,0.0,77,60
401,Jonathan Osorio,Canada,MF,0,0.0,0.0,119,60
402,Ali Gholizadeh,IR Iran,MF,1,0.2,0.09,199,60
403,Luis Suárez,Uruguay,FW,1,0.1,0.06,146,60
404,Kevin Álvarez,Mexico,DF,0,0.0,0.0,70,60
405,Ferjani Sassi,Tunisia,MF,0,0.0,0.0,48,60
406,Brenden Aaronson,United States,MF,0,0.2,0.17,108,60
407,Romario Ibarra,Ecuador,MF,0,0.0,0.0,68,60
408,Firas Al-Buraikan,Saudi Arabia,MF,1,0.1,0.03,268,60
409,Eray Cömert,Switzerland,DF,0,0.0,0.0,46,60
410,Taha Yassine Khenissi,Tunisia,FW,0,0.1,0.31,29,60
411,Noah Okafor,Switzerland,FW,0,0.0,0.0,45,60
412,Daniel Kyereh,Ghana,MF,0,0.0,0.0,33,60
413,Matheus Nunes,Portugal,MF,0,0.1,0.12,73,60
414,Raúl Jiménez,Mexico,FW,0,0.0,0.0,59,60
415,José Cifuentes,Ecuador,MF,0,0.0,0.0,59,60
416,Munir,Morocco,GK,0,0.0,0.0,90,60
417,Saad Al Sheeb,Qatar,GK,0,0.0,0.0,90,60
418,Bassam Al-Rawi,Qatar,DF,0,0.0,0.0,90,60
419,Saleh Al-Shehri,Saudi Arabia,FW,0,0.1,0.04,223,60
420,Nicolas Jackson,Senegal,FW,0,0.0,0.0,17,60
421,Garang Kuol,Australia,FW,0,0.0,0.0,37,60
422,Kieran Trippier,England,DF,0,0.1,0.04,206,60
423,Zakaria Aboukhlal,Morocco,FW,0,0.0,0.0,79,60
424,Jason Cummings,Australia,FW,0,0.0,0.0,35,60
425,Steven Berghuis,Netherlands,MF,1,0.1,0.04,200,60
426,Erick Gutiérrez,Mexico,MF,0,0.0,0.0,49,60
427,Renato Steffen,Switzerland,FW,0,0.0,0.0,32,60
428,Alan Franco,Ecuador,MF,0,0.0,0.0,46,60
429,Carlos Gruezo,Ecuador,MF,0,0.0,0.0,45,60
430,Abderrazak Hamdallah,Morocco,FW,0,0.0,0.0,68,60
431,José María Giménez,Uruguay,DF,0,0.0,0.0,270,60
432,Sergio Rochet,Uruguay,GK,0,0.0,0.0,270,60
433,Vitinha,Portugal,MF,0,0.0,0.0,120,60
434,Andrés Guardado,Mexico,MF,0,0.0,0.0,41,60
435,Walid Cheddira,Morocco,FW,0,0.0,0.0,64,60
436,Thiago Almada,Argentina,MF,0,0.2,2.57,7,60
437,William Saliba,France,DF,0,0.0,0.0,28,60
438,Mohammed Muntari,Qatar,FW,0,0.0,0.0,63,60
439,Josh Sargent,United States,FW,0,0.1,0.06,157,60
440,Antoine Semenyo,Ghana,FW,0,0.0,0.0,20,60
441,Mark-Anthony Kaye,Canada,MF,0,0.0,0.0,59,60
442,Raheem Sterling,England,FW,1,0.1,0.06,149,60
443,Jeremy Doku,Belgium,MF,0,0.0,0.0,19,60
444,Fabian Frei,Switzerland,MF,0,0.0,0.0,25,60
445,Bilal El Khannous,Morocco,MF,0,0.0,0.0,55,60
446,Awer Mabil,Australia,MF,0,0.0,0.0,24,60
447,Badr Banoun,Morocco,DF,0,0.0,0.0,54,60
448,Moumi Ngamaleu,Cameroon,FW,0,0.2,0.19,95,60
449,Charly Rodríguez,Mexico,MF,0,0.0,0.0,34,60
450,Gio Reyna,United States,FW,0,0.2,0.34,53,60
451,António Silva,Portugal,DF,0,0.0,0.0,90,60
452,Danilo Pereira,Portugal,DF,0,0.0,0.0,90,60
453,Sultan Al-Ghanam,Saudi Arabia,DF,0,0.1,0.07,126,60
454,Charles De Ketelaere,Belgium,FW,0,0.0,0.0,16,60
455,Matías Vecino,Uruguay,MF,0,0.0,0.0,195,60
456,João Palhinha,Portugal,MF,0,0.1,0.24,38,60
457,João Mário,Portugal,FW,0,0.0,0.0,84,60
458,Hwang In-beom,Korea Republic,MF,0,0.1,0.03,334,60
459,Sebastián Coates,Uruguay,DF,0,0.0,0.0,180,60
460,Ilias Chair,Morocco,MF,0,0.0,0.0,45,60
461,Jung Woo-young,Korea Republic,MF,0,0.1,0.03,303,60
462,Djorkaeff Reasco,Ecuador,FW,0,0.0,0.0,27,60
463,Loïs Openda,Belgium,FW,0,0.0,0.0,13,60
464,Denis Odoi,Ghana,DF,0,0.0,0.0,13,60
465,Bailey Wright,Australia,DF,0,0.0,0.0,17,60
466,Ghaylène Chaalali,Tunisia,MF,0,0.0,0.0,17,60
467,Yeltsin Tejeda,Costa Rica,MF,1,0.1,0.03,269,60
468,Joel Campbell,Costa Rica,FW,0,0.1,0.03,269,60
469,Diego Godín,Uruguay,DF,0,0.0,0.0,151,60
470,Michel Aebischer,Switzerland,MF,0,0.0,0.0,16,60
471,Ethan Ampadu,Wales,MF,0,0.1,0.04,255,60
472,Fodé Ballo-Touré,Senegal,DF,0,0.0,0.0,7,60
473,Nawaf Al Abed,Saudi Arabia,MF,0,0.1,0.1,88,60
474,Wéverton,Brazil,GK,0,0.0,0.0,11,60
475,Jack Grealish,England,FW,0,0.1,0.1,86,60
476,André Silva,Portugal,FW,0,0.1,0.35,26,60
477,Kwon Chang-hoon,Korea Republic,FW,0,0.2,0.32,56,60
478,Neco Williams,Wales,DF,0,0.1,0.04,204,60
479,Nathan Aké,Netherlands,DF,0,0.0,0.0,479,60
480,Roberto Alvarado,Mexico,FW,0,0.0,0.0,18,60
481,Andries Noppert,Netherlands,GK,0,0.0,0.0,480,60
482,Jordan Pickford,England,GK,0,0.0,0.0,450,60
483,Mohammed Waad,Qatar,MF,0,0.0,0.0,28,60
484,Lucas Hernández,France,DF,0,0.0,0.0,12,60
485,Pablo Sarabia,Spain,FW,0,0.2,6.0,3,60
486,Anass Zaroury,Morocco,FW,0,0.0,0.0,27,60
487,Ali Assadalla,Qatar,MF,0,0.0,0.0,27,60
488,Harry Maguire,England,DF,1,0.0,0.0,429,60
489,Declan Rice,England,MF,0,0.0,0.0,417,60
490,Juan Foyth,Argentina,DF,0,0.0,0.0,5,60
491,Ángel Correa,Argentina,MF,0,0.0,0.0,5,60
492,Hattan Bahebri,Saudi Arabia,MF,1,0.6,13.5,4,60
493,Hannibal Mejbri,Tunisia,MF,0,0.0,0.0,11,60
494,Jurriën Timber,Netherlands,DF,0,0.0,0.0,390,60
495,Nuno Mendes,Portugal,DF,0,0.0,0.0,41,60
496,Martín Cáceres,Uruguay,DF,0,0.0,0.0,90,60
497,Tim Ream,United States,DF,0,0.0,0.0,360,60
498,Matt Turner,United States,GK,0,0.0,0.0,360,60
499,Luka Jović,Serbia,FW,0,0.2,0.5,36,60
500,Lucas Cavallini,Canada,FW,0,0.0,0.0,19,60
501,Pierre Kunde,Cameroon,MF,0,0.1,0.07,131,60
502,Christian Fassnacht,Switzerland,FW,0,0.0,0.0,8,60
503,Sardar Azmoun,IR Iran,FW,0,0.1,0.07,126,60
504,Walker Zimmerman,United States,DF,0,0.0,0.0,279,60
505,Nemanja Maksimović,Serbia,MF,0,0.1,0.07,122,60
506,Martin Hongla,Cameroon,MF,0,0.1,0.07,121,60
507,Saud Abdulhamid,Saudi Arabia,DF,0,0.0,0.0,270,60
508,Mohammed Al-Owais,Saudi Arabia,GK,0,0.0,0.0,270,60
509,Mohamed Kanno,Saudi Arabia,MF,0,0.0,0.0,270,60
510,Na Sang-ho,Korea Republic,FW,0,0.1,0.08,119,60
511,Kalvin Phillips,England,MF,1,0.1,0.21,42,60
512,Kasper Dolberg,Denmark,FW,0,0.1,0.08,114,60
513,David Wotherspoon,Canada,MF,0,0.0,0.0,15,60
514,Yahya Jabrane,Morocco,MF,0,0.0,0.0,15,60
515,Kyle Walker,England,DF,0,0.0,0.0,236,60
516,Martin Braithwaite,Denmark,FW,0,0.1,0.09,103,60
517,Arkadiusz Milik,Poland,FW,0,0.1,0.09,101,60
518,Ali Al-Bulaihi,Saudi Arabia,DF,0,0.0,0.0,216,60
519,Steven Bergwijn,Netherlands,FW,0,0.0,0.0,213,60
520,Joe Allen,Wales,MF,0,0.1,0.1,94,60
521,Andreas Cornelius,Denmark,FW,0,0.1,0.1,92,60
522,Mason Mount,England,MF,0,0.0,0.0,186,60
523,Marten de Roon,Netherlands,MF,0,0.0,0.0,184,60
524,Abdulelah Al-Amri,Saudi Arabia,DF,0,0.0,0.0,182,60
525,Hassan Al Tambakti,Saudi Arabia,DF,0,0.0,0.0,180,60
526,Abdulellah Al-Malki,Saudi Arabia,MF,0,0.0,0.0,174,60
527,Liam Millar,Canada,DF,0,0.0,0.0,10,60
528,Nicolás De La Cruz,Uruguay,MF,0,0.0,0.0,38,60
529,Marcus Rashford,England,FW,0,0.0,0.0,140,60
530,Haji Wright,United States,FW,0,0.0,0.0,137,60
531,Tarek Salman,Qatar,DF,0,0.0,0.0,8,60
532,Rogelio Funes Mori,Mexico,FW,0,0.0,0.0,5,60
533,Maxi Gómez,Uruguay,FW,0,0.0,0.0,30,60
534,Alexander Bah,Denmark,DF,0,0.1,0.2,46,60
535,Hong Chul,Korea Republic,DF,0,0.1,0.2,45,60
536,Ahmed Alaaeldin,Qatar,FW,0,0.0,0.0,6,60
537,Musab Kheder,Qatar,DF,0,0.0,0.0,6,60
538,Matthijs de Ligt,Netherlands,DF,0,0.0,0.0,91,60
539,Cameron Carter-Vickers,United States,DF,0,0.0,0.0,90,60
540,Yasser Al-Shahrani,Saudi Arabia,DF,0,0.0,0.0,89,60
541,Vincent Janssen,Netherlands,FW,0,0.0,0.0,86,60
542,Karim Ansarifard,IR Iran,FW,0,0.1,0.26,35,60
543,Ardon Jasari,Switzerland,FW,0,0.0,0.0,2,60
544,Matías Viña,Uruguay,DF,0,0.0,0.0,17,60
545,Mohammed Al-Breik,Saudi Arabia,DF,0,0.0,0.0,65,60
546,Wout Weghorst,Netherlands,FW,0,0.0,0.0,64,60
547,Luuk de Jong,Netherlands,FW,0,0.0,0.0,57,60
548,Riyadh Sharahili,Saudi Arabia,MF,0,0.0,0.0,54,60
549,Kevin Rodríguez,Ecuador,FW,0,0.0,0.0,2,60
550,Matthias Ginter,Germany,DF,0,0.0,0.0,1,60
551,Abdul Fatawu Issahaku,Ghana,FW,0,0.0,0.0,1,60
552,Youssoufa Moukoko,Germany,FW,0,0.0,0.0,1,60
553,Kristijan Jakić,Croatia,FW,0,0.0,0.0,1,60
554,Abdullah Madu,Saudi Arabia,DF,0,0.0,0.0,45,60
555,Sami Al-Najei,Saudi Arabia,MF,0,0.0,0.0,45,60
556,Ali Al Hassan,Saudi Arabia,MF,0,0.0,0.0,45,60
557,Jesús Ferreira,United States,FW,0,0.0,0.0,45,60
558,Salman Al-Faraj,Saudi Arabia,MF,0,0.0,0.0,44,60
559,Agustín Canobbio,Uruguay,MF,0,0.0,0.0,11,60
560,Kellyn Acosta,United States,MF,0,0.0,0.0,43,60
561,Eric Dier,England,DF,0,0.0,0.0,36,60
562,Abdulrahman Al-Aboud,Saudi Arabia,MF,0,0.0,0.0,35,60
563,Trent Alexander-Arnold,England,DF,0,0.0,0.0,34,60
564,DeAndre Yedlin,United States,DF,0,0.0,0.0,33,60
565,Nasser Al-Dawsari,Saudi Arabia,FW,0,0.1,1.8,5,60
566,Shaquell Moore,United States,DF,0,0.0,0.0,22,60
567,Jerome Ngom Mbekeli,Cameroon,MF,0,0.1,1.8,5,60
568,Kamil Grosicki,Poland,MF,0,0.1,2.25,4,60
569,Xavi Simons,Netherlands,FW,0,0.0,0.0,9,60
570,Noa Lang,Netherlands,MF,0,0.0,0.0,8,60
571,Kenneth Taylor,Netherlands,MF,0,0.0,0.0,5,60
572,Jordan Morris,United States,FW,0,0.0,0.0,4,60
573,Asiri Haitham,Saudi Arabia,FW,0,0.0,0.0,2,60
574,Olivier Ntcham,Cameroon,MF,0,0.0,0.0,25,60
575,Nicolas Nkoulou,Cameroon,DF,1,0.0,0.0,180,60
576,Nikola Milenković,Serbia,DF,0,0.0,0.0,270,60
577,Victor Nelsson,Denmark,DF,0,0.0,0.0,90,60
578,Wayne Hennessey,Wales,GK,0,0.0,0.0,175,60
579,Nicola Zalewski,Poland,MF,0,0.0,0.0,65,60
580,Abolfazl Jalali,IR Iran,DF,0,0.0,0.0,19,60
581,Ahmad Nourollahi,IR Iran,MF,0,0.0,0.0,223,60
582,Youstin Salas,Costa Rica,DF,0,0.0,0.0,47,60
583,Álvaro Zamora,Costa Rica,MF,0,0.0,0.0,30,60
584,Vanja Milinković-Savić,Serbia,GK,0,0.0,0.0,270,60
585,Bryan Ruiz,Costa Rica,MF,0,0.0,0.0,30,60
586,Bryan Oviedo,Costa Rica,DF,0,0.0,0.0,260,60
587,Brennan Johnson,Wales,FW,0,0.0,0.0,91,60
588,Paik Seung-ho,Korea Republic,MF,0,0.0,0.0,26,60
589,Nouhou Tolo,Cameroon,DF,0,0.0,0.0,270,60
590,Ben Davies,Wales,DF,0,0.0,0.0,238,60
591,Bartosz Bereszyński,Poland,DF,0,0.0,0.0,341,60
592,Brandon Aguilera,Costa Rica,MF,0,0.0,0.0,90,60
593,Johan Venegas,Costa Rica,FW,0,0.0,0.0,73,60
594,Carlos Martínez,Costa Rica,DF,0,0.0,0.0,45,60
595,Georges-Kévin N'Koudou,Cameroon,FW,0,0.0,0.0,27,60
596,Gaël Ondoua,Cameroon,MF,0,0.0,0.0,47,60
597,Joe Morrell,Wales,MF,0,0.0,0.0,33,60
598,Joe Rodon,Wales,DF,0,0.0,0.0,270,60
599,Pierre Højbjerg,Denmark,MF,0,0.0,0.0,270,60
600,Celso Borges,Costa Rica,MF,0,0.0,0.0,249,60
601,Miloš Veljković,Serbia,DF,0,0.0,0.0,221,60
602,Milad Mohammadi,IR Iran,DF,0,0.0,0.0,196,60
603,Michał Skóraś,Poland,MF,0,0.0,0.0,45,60
604,Collins Fai,Cameroon,DF,0,0.0,0.0,270,60
605,Jesper Lindstrøm,Denmark,MF,0,0.0,0.0,200,60
606,Jewison Bennette,Costa Rica,MF,0,0.0,0.0,103,60
607,Jeong Woo-yeong,Korea Republic,MF,0,0.0,0.0,45,60
608,Jan Bednarek,Poland,DF,0,0.0,0.0,5,60
609,Nemanja Gudelj,Serbia,MF,0,0.0,0.0,92,60
610,Nemanja Radonjić,Serbia,DF,0,0.0,0.0,60,60
611,Cho Guesung,Korea Republic,FW,0,0.0,0.0,275,60
612,Cho Yumin,Korea Republic,FW,0,0.0,0.0,1,60
613,Christian Bassogog,Cameroon,MF,0,0.0,0.0,24,60
614,Christian Nørgaard,Denmark,MF,0,0.0,0.0,6,60
615,Joakim Mæhle,Denmark,DF,0,0.0,0.0,249,60
616,Gerson Torres,Costa Rica,MF,0,0.0,0.0,64,60
617,Majid Hosseini,IR Iran,DF,0,0.0,0.0,270,60
618,Saman Ghoddos,IR Iran,MF,0,0.0,0.0,45,60
619,Sadegh Moharrami,IR Iran,DF,0,0.0,0.0,90,60
620,Marko Grujić,Serbia,MF,0,0.0,0.0,13,60
621,Darko Lazović,Serbia,DF,0,0.0,0.0,25,60
622,Danny Ward,Wales,GK,0,0.0,0.0,94,60
623,Devis Epassy,Cameroon,GK,0,0.0,0.0,180,60
624,Artur Jędrzejczyk,Poland,DF,0,0.0,0.0,19,60
625,Rubin Colwill,Wales,MF,0,0.0,0.0,10,60
626,Roozbeh Cheshmi,IR Iran,DF,0,0.0,0.0,58,60
627,Robert Skov,Denmark,DF,0,0.0,0.0,22,60
628,Roan Wilson,Costa Rica,MF,0,0.0,0.0,1,60
629,Rónald Matarrita,Costa Rica,DF,0,0.0,0.0,26,60
630,Damian Szymański,Poland,MF,0,0.0,0.0,29,60
631,Daniel Chacón,Costa Rica,MF,0,0.0,0.0,1,60
632,Daniel James,Wales,FW,0,0.0,0.0,154,60
633,Rasmus Nissen,Denmark,DF,0,0.0,0.0,224,60
634,Christopher Wooh,Cameroon,DF,0,0.0,0.0,90,60
635,Krzysztof Piątek,Poland,FW,0,0.0,0.0,28,60
636,Kim Min-jae,Korea Republic,DF,0,0.0,0.0,269,60
637,Sergej Milinković-Savić,Serbia,MF,0,0.0,0.0,233,60
638,Krystian Bielik,Poland,MF,0,0.0,0.0,216,60
639,Kim Seung-gyu,Korea Republic,GK,0,0.0,0.0,360,60
640,Lee Jae-sung,Korea Republic,MF,0,0.0,0.0,211,60
641,André Onana,Cameroon,GK,0,0.0,0.0,80,60
642,Anthony Contreras,Costa Rica,FW,0,0.0,0.0,125,60
643,Francisco Calvo,Costa Rica,DF,0,0.0,0.0,180,60
644,Kwon Kyung-won,Korea Republic,DF,0,0.0,0.0,91,60
645,Samuel Oum Gouet,Cameroon,MF,0,0.0,0.0,100,60
646,Saša Lukić,Serbia,MF,0,0.0,0.0,245,60
647,Sebastian Szymański,Poland,MF,0,0.0,0.0,134,60
648,Dušan Vlahović,Serbia,FW,0,0.0,0.0,79,60
649,Kasper Schmeichel,Denmark,GK,0,0.0,0.0,270,60
650,Karol Świderski,Poland,FW,0,0.0,0.0,45,60
651,Juan Pablo Vargas,Costa Rica,DF,0,0.0,0.0,90,60
652,Kamil Glik,Poland,DF,0,0.0,0.0,360,60
653,Filip Đuričić,Serbia,MF,0,0.0,0.0,14,60
654,Ivan Ilić,Serbia,MF,0,0.0,0.0,34,60
655,Son Jun-ho,Korea Republic,MF,0,0.0,0.0,72,60
656,Sorba Thomas,Wales,MF,0,0.0,0.0,1,60
657,Enzo Ebosse,Cameroon,DF,0,0.0,0.0,90,60
658,Eric Maxim Choupo-Moting,Cameroon,FW,0,0.0,0.0,253,60
659,Simon Kjær,Denmark,DF,0,0.0,0.0,64,60
660,Ali Karimi,IR Iran,MF,0,0.0,0.0,99,60
661,Alireza Beiranvand,IR Iran,GK,0,0.0,0.0,109,60
662,Stefan Mitrović,Serbia,DF,0,0.0,0.0,35,60
663,Srđan Babić,Serbia,DF,0,0.0,0.0,13,60
664,Jakub Kiwior,Poland,DF,0,0.0,0.0,355,60
665,Kendall Waston,Costa Rica,DF,0,0.0,0.0,225,60
666,Andre-Frank Zambo Anguissa,Cameroon,MF,1,0.0,0.0,260,60
667,Andreas Christensen,Denmark,DF,0,0.0,0.0,270,60
668,Wojciech Szczęsny,Poland,GK,0,0.0,0.0,360,60
669,Alireza Jahanbakhsh,IR Iran,MF,0,0.0,0.0,59,60
670,Strahinja Pavlović,Serbia,DF,0,0.0,0.0,235,60
671,Filip Kostić,Serbia,DF,0,0.0,0.0,179,60
672,Keylor Navas,Costa Rica,GK,0,0.0,0.0,270,60
673,Thomas Delaney,Denmark,MF,0,0.0,0.0,44,60
674,Andreas Skov Olsen,Denmark,FW,0,0.0,0.0,132,60
675,Filip Mladenović,Serbia,DF,0,0.0,0.0,65,60
676,Hossein Hosseini,IR Iran,GK,0,0.0,0.0,161,60
677,Hwang Hee-chan,Korea Republic,MF,0,0.0,0.0,115,60
678,Hossein Kanaanizadegan,IR Iran,DF,0,0.0,0.0,45,60
679,Hwang Ui-jo,Korea Republic,FW,0,0.0,0.0,106,60
680,Aaron Ramsey,Wales,MF,0,0.0,0.0,266,60
